Crop,Disease_Class,Disease_Name,Symptoms,Precautions_Management,Treatment_Pesticide_Information
Chilli,healthy,Healthy chilli leaf,No visible disease symptoms,Continue field scouting; maintain balanced nutrition and irrigation; remove severely damaged leaves.,No pesticide needed for healthy plants; use chemicals only if a diagnosed pest/disease warrants it.
Chilli,leafcurl,Chilli leaf curl,"Leaf curling, distortion, stunting; often associated with whitefly-transmitted virus",Remove badly infected plants where appropriate; control vector populations; use clean planting material and field sanitation.,"For vector control, use only a locally registered insecticide/product according to its label and current state recommendations."
Chilli,spotleaf,Chilli leaf spot,Circular/irregular spots on leaves that may enlarge and cause defoliation,Remove infected debris; improve air circulation; avoid prolonged leaf wetness and overhead irrigation.,A locally registered fungicide may be used only after confirming disease and checking the current label.
Chilli,whitefly,Chilli whitefly infestation,"Small white insects, honeydew, leaf yellowing/curling",Monitor undersides of leaves; remove heavily infested leaves; use integrated pest management and avoid unnecessary spraying.,Use a currently registered whitefly insecticide for chilli only at the label rate and waiting period.
Chilli,Yellowish Leaf,Yellowing chilli leaf,"Leaf yellowing can have multiple causes including nutrient, water, root or pest problems","Do not diagnose from colour alone; inspect roots, irrigation, nutrition and pests before treatment.",Do not apply a pesticide based only on yellow colour; identify the cause first.
Paddy,health_paddy,Healthy paddy,No visible disease symptoms,"Maintain balanced nutrition, proper water management and regular scouting.",No pesticide needed for healthy plants.
Paddy,Brownspot,Rice brown spot,"Brown lesions/spots on leaves, often with yellow halos","Use balanced nutrition, avoid plant stress, maintain field sanitation and monitor disease development.",Use a fungicide only after confirming brown spot and following the current registered label/advisory.
Paddy,Leafsmut,Rice leaf smut / smut-like leaf symptoms,Dark smut-like lesions on leaves,Remove/manage infected plant debris and maintain balanced crop nutrition; confirm diagnosis because similar symptoms can occur in other diseases.,Do not select a pesticide from the image alone; confirm the disease and use only a currently registered rice product if recommended.
Paddy,bacterial_leaf,Rice bacterial leaf blight,"Water-soaked to yellowish lesions/stripes, often progressing from leaf tips","Use resistant/tolerant varieties where available, avoid excessive nitrogen, manage water and field sanitation.",Use only a locally recommended and currently registered bactericide/management product; chemical control of bacterial disease is limited.
Sugarcane,Healthy,Healthy sugarcane,No visible disease symptoms,"Maintain balanced nutrition, irrigation and field scouting.",No pesticide needed for healthy plants.
Sugarcane,Mosaic,Sugarcane mosaic,Mosaic/mottled light and dark green pattern on leaves,"Use clean planting material, remove infected clumps where recommended and control vectors as part of IPM.",Mosaic is viral; there is no pesticide that cures the virus. Vector management should follow local recommendations.
Sugarcane,redrot,Sugarcane red rot,"Reddish internal tissue, drying/collapse and characteristic red rot symptoms","Use healthy seed cane, resistant varieties where available, remove infected stools and improve field sanitation.",Do not rely on pesticide alone; use resistant/clean planting material and local disease-management recommendations.
Sugarcane,Rust,Sugarcane rust,Rust-coloured pustules/lesions on leaves,"Monitor crop, maintain balanced nutrition and use resistant varieties where available.",Use a fungicide only when locally recommended and registered for sugarcane rust.
Cotton,Healthy,Healthy cotton,No visible disease symptoms,"Maintain balanced nutrition, irrigation and regular pest/disease scouting.",No pesticide needed for healthy plants.
Cotton,bacterial_blight,Cotton bacterial blight,Angular water-soaked/necrotic lesions on leaves and other tissues,"Use resistant varieties where available, clean seed, field sanitation and avoid unnecessary leaf wetness.",Use only a locally recommended and registered bactericide/copper-based option where the current label/advisory supports it.
Cotton,curl_virus,Cotton leaf curl virus,"Leaf curling, vein thickening and plant stunting","Use healthy planting material, remove infected plants where recommended and manage whitefly vectors through IPM.",There is no pesticide that cures the virus; insecticide use is for vector management only and must follow the current label.
Cotton,fussarium_wilt,Cotton Fusarium wilt,"Yellowing, wilting and vascular discoloration; diagnosis should be confirmed","Use resistant varieties, crop rotation and clean planting material; avoid moving contaminated soil between fields.",Do not apply a pesticide solely from an image prediction; soil-borne wilt management should follow local agricultural recommendations.
Wheat,Healthy,Healthy wheat,No visible disease symptoms,Maintain balanced nutrition and regular field scouting.,No pesticide needed for healthy plants.
Wheat,Brownrust,Wheat brown/leaf rust,Orange-brown rust pustules on leaves,Scout fields regularly and use resistant varieties where available.,"If chemical control is warranted, use a fungicide currently registered/recommended for wheat rust and follow the label."
Wheat,yellow,Wheat yellow/stripe rust,Yellow-orange pustules arranged in stripes on leaves,"Scout early, avoid conducive crop conditions where agronomically feasible and use resistant varieties where available.","ICAR has documented propiconazole-based management for yellow rust; use only the currently registered formulation, label rate and local advisory."
Wheat,septorial,Wheat Septoria leaf disease,Brown/grey leaf lesions that can contain dark fruiting bodies,"Use resistant/tolerant varieties where available, crop sanitation and good canopy management.",Use a fungicide only when Septoria is confirmed and the product is currently registered/recommended for wheat.
